# he1_03 ships 5 coins in a row at y=25, x from -37.5 to 62.5 (D129 measured
# them). These two continue that row to the LEFT, so they sit beside the
# shipped ones -- an added coin that renders differently, or not at all, is
# then obvious by comparison rather than needing to be found.
#
# 🔶 THE OPEN QUESTION: the rig reads NPC and flag state and cannot see items,
# so "the file built and the map loaded" is proven and "there is a coin there"
# is not.
map,x,y,z
he1_03,-87.5,25,-62.5
he1_03,-62.5,25,-62.5
