# An orb with five beams around it, for testing the attack mechanic.
#
# ⛔ STAND-IN VISUALS. Templates 198 (Bleck Large Portal) and 103 (his beam)
# were the thematic choice and they DELETE THEMSELVES after ~314 frames -- they
# are projectiles, built to be spawned by a parent and expire. Movement worked
# perfectly for those 314 frames; the entities simply stopped existing.
#
# So the mechanic is proved with persistent enemies instead. Mr. L is the orb
# and five Goombas are the beams. he1_04 uses templates 144/148/250/73, so
# neither tribe 295 nor tribe 0 collides with something the map already places
# -- which matters, because the mod finds its entities BY TRIBE.
#
# Placed rather than spawned: npcEntryFromTemplate hangs from a hook (D155).
# Slot 30 is the first empty one and must be (D79). copy_from 0 inherits a
# working enemy's undocumented bytes (D123).
map,slot,template,x,y,z,copy_from
he1_04,30,137,-900,160,0,0
he1_04,31,2,-900,160,0,0
he1_04,32,2,-900,160,0,0
he1_04,33,2,-900,160,0,0
he1_04,34,2,-900,160,0,0
he1_04,35,2,-900,160,0,0
